Segment,Small,,,,
,,,,,
ID,2017,2018,2019,2020,2021
Client 1,,,376.69,,
Client 1000,,,,,1936.35
Client 1001,,,,,7166.98
Client 1004,,566.4,14813.47,20332.52,56481.98
Client 1006,,,,2086.32,
Client 1007,,,,627.42,
Client 1008,,,,,139.57
Client 1013,,201.01,,,
Client 1014,,,,40352.74,
Client 1015,,21.23,,,
Client 1016,,,,,6125.28
Client 1017,,,,,295663.72
Client 1020,,,,,1007.52
Client 1021,,,,3249.09,
Client 1022,,,266.5,,
Client 1023,,,,,41014.37
Client 1024,,,,,2541.06
Client 1025,,,3406.98,,
Client 1026,,,,,5528.54
Client 1027,,,,69.99,
Client 1028,,,,,13161.07
Client 1029,,,2470.74,,
Client 103,,,10234.47,7906.5,2511.91
Client 1030,,14344.85,13508.7,3544.43,382.51
Client 1031,,,,,3793.59
Client 1034,,,,,318.16
Client 1035,,,,4238.82,
Client 1037,,,,,357.35
Client 1038,,,,,4299.81
Client 104,,,,,2355.37
Client 1040,,,16196.04,,4976.89
Client 1041,,,,,3734.89
Client 1042,,,,2928.69,
Client 1043,,,,160.14,160.97
Client 1044,,,,,107.94
Client 1045,,,,,14520.62
Client 1046,,,,,3605.62
Client 1048,,,,,833.22
Client 1049,,,8058.68,,
Client 1051,,,,,2135.36
Client 1052,,,,,196.9
Client 1053,,,,,5954.18
Client 1054,,,,6664.29,
Client 1057,,,,2798.75,
Client 1058,,,273.89,,
Client 1060,,1290.69,,,
Client 1062,,,,,3157.4
Client 1063,,,2621.2,,
Client 1064,,,18323.84,31407.66,214542.78
Client 1066,,,,,11053.84
Client 1067,,,,231.3,
Client 1069,,,,,58.86
Client 1072,,,,5995.71,517.15
Client 1075,,895.18,,,
Client 1076,,,,,237.58
Client 1079,,,,,9926.84
Client 108,,,,,403.34
Client 1080,,6746.5,,,
Client 1081,,,47.58,,
Client 1083,,,,,3342.93
Client 1084,,,,,286.58
Client 1086,,,,,3161.85
Client 1087,,,,25866.58,
Client 1088,,,,1808.76,12519.61
Client 1089,,,,,454.07
Client 109,,,,7637.15,212.96
Client 1090,,,,14736.88,11291.13
Client 1091,,,,,6702.03
Client 1092,,,,4118.87,2925.74
Client 1093,,,,,8420
Client 1094,,,,,424.76
Client 1097,,,,,6342.09
Client 1099,,,,,1438.42
Client 11,,,,,698.18
Client 1101,,,,1263.7,
Client 1102,,,,,2906.33
Client 1103,,,,50000,
Client 1105,,,,,1468.81
Client 1106,,,,,4825.12
Client 1107,,,,,18138.23
Client 1108,,,,,83.64
Client 1110,,,37.01,,
Client 1111,,,,,5413.36
Client 1113,,,1263.53,,
Client 1115,,,,,43286.59
Client 1116,,1576.46,,,
Client 1118,,449.97,,,
Client 1119,,,,,406.28
Client 1120,,,,639.92,
Client 1121,,,,,336.13
Client 1123,,,,463.3,
Client 1124,,,,,475.93
Client 1131,,,1972.69,,
Client 1132,,,,,10200.45
Client 1134,,,,,11178.23
Client 1135,,675.04,228.41,4009.24,
Client 1136,,,,,13994.46
Client 1137,,,,11973.12,
Client 1138,,,,,48.53
Client 114,,,,,856.82
Client 1140,,,,,2169.61
Client 1143,,,,,19.75
Client 1146,,,,2643.84,
Client 1147,,,15479.16,5422.75,978.33
Client 1148,,7418.57,,,
Client 1149,,,,,2534.38
Client 1150,,,,14097.71,14827.21
Client 1151,,,,,6372.64
Client 1152,,,,,34.95
Client 1153,,,,,5125.03
Client 1155,,,,,76594.52
Client 1158,,,279.66,,
Client 1159,,,,1625.83,
Client 116,2267.22,173.51,1700.1,5649.8,15140.21
Client 1161,,,1209.67,991,
Client 1163,,,,,1659.66
Client 1164,,,,9900.26,
Client 1165,,,,,177132.83
Client 1167,,,237.08,,
Client 1168,,,,,10960.63
Client 1169,,,,,2850.66
Client 1170,,,,,939.97
Client 1171,,2143.87,44977.3,9025.4,
Client 1172,,,,,127.12
Client 1173,,,,1178.37,
Client 1174,,,,,25847.16
Client 1178,,,,,48281.32
Client 1182,,,,1917.04,
Client 1185,,,25144.55,79050.39,820.82
Client 1186,,,,1129.13,
Client 1187,,3947.13,,,
Client 1188,,,,,93.89
Client 1189,,,,532.57,1497.37
Client 119,,,,1723.73,77.41
Client 1191,,,1272.79,1375.22,
Client 1192,,,,2795.1,
Client 1193,,,6204.92,23135.99,5462.24
Client 1196,,,,,605.63
Client 1197,,,,,8632.26
Client 1198,,,,,3081.84
Client 12,,,,,8139.72
Client 120,,,,,59.27
Client 1201,,,,,1044.57
Client 1203,,,,10309.72,
Client 1204,,,4443.76,,280.15
Client 1205,,,,,583.12
Client 1207,,,495.5,,
Client 121,,,,,571.3
Client 1210,,,,1169.71,817.55
Client 1212,,,,,4694.27
Client 1213,,,12593.24,41459.45,5157.11
Client 1214,,,,,414.83
Client 1216,,,,,4719.83
Client 1217,,,,,35326.71
Client 1218,,,,308.98,
Client 1219,,,,,2810.45
Client 122,,,,1361.02,
Client 1221,,,,,24411.81
Client 1222,,,,,121266.9
Client 1223,,1589.44,5105.78,,
Client 1226,,,,,8193.36
Client 1227,,,,,64.88
Client 123,,,,,184.64
Client 1231,,,,,3090.19
Client 1232,,,,,1554.01
Client 1233,,,,6238.66,40401.04
Client 1235,,,,1653.08,
Client 1238,,,,915.83,
Client 1240,,673.05,,,
Client 1241,,,,,104729.79
Client 1244,,,,,2183.91
Client 1246,,,,,1415.73
Client 1247,,,,1357.64,8522.77
Client 1248,,,,,5912.14
Client 1249,,3557.85,309.54,,
Client 125,,,,,3813.41
Client 1250,,,,312.86,
Client 1254,,,,,1536.92
Client 1255,,,,,154.68
Client 1257,,,11407.48,17610.81,105.9
Client 1258,,,,,3146.83
Client 1261,,,,621.88,
Client 1262,,,,,166.88
Client 1264,1929.44,1230.41,,,3017.87
Client 1266,,,11527.95,33652.65,13535.89
Client 1268,,,,,22638.14
Client 1269,,,,,3274.36
Client 127,,,,58.7,
Client 1270,,,2265.64,,249.77
Client 1271,,,,4947.51,113.34
Client 1274,,,111.31,,
Client 1275,,2795.95,,,
Client 128,,14958.22,4982.74,7652.93,4207.49
Client 1280,,,,,9259.78
Client 1281,,2307.38,,,
Client 1286,,,,,1135.16
Client 1287,,,,7366.95,20497.74
Client 1288,,,,3647.11,
Client 1292,,,,6134.61,11058.29
Client 1293,,,1693.84,,
Client 1294,,,268.25,5377.59,149.01
Client 1295,,,,,15322.63
Client 1296,,,,,872.5
Client 1299,,,,2317.92,
Client 130,,9027.32,23984.65,2885.14,
Client 1300,,,,142.85,
Client 1303,,,,7472.91,
Client 1306,,,,53360.51,16410.58
Client 1308,,4676.15,17560.41,7719.69,3380.53
Client 1310,82.03,,,,
Client 1311,,,,,2416.1
Client 1312,,5103.56,33720.93,64065.8,3268.93
Client 1315,,,,18592.43,90734.29
Client 1317,,,,,33433.58
Client 1318,,,6474.19,8366.88,11444.2
Client 1323,,,,,788.05
Client 1324,,1288.35,,,
Client 1325,,,,144.56,
Client 1327,,,3352.32,,
Client 1328,,,,1093.86,
Client 1329,,172.94,,,
Client 133,,,285.88,1310.92,
Client 1330,,,14186.12,33627.23,10876.93
Client 1332,,,,,984.67
Client 1333,,,1565.69,,
Client 1334,,,,,5131.19
Client 1335,,,,,2673.39
Client 1336,,,,1847.48,
Client 134,,,,20510.98,3629.77
Client 1340,,,,,24137.79
Client 1344,,,2098.63,,
Client 1345,,,8516.03,,2289.64
Client 1346,,,,,1342.18
Client 1347,,,,,5776.66
Client 1348,,,48619.4,,
Client 135,,3833.86,,,
Client 1350,,,,,6053.35
Client 1352,,,330.98,301.65,
Client 1354,,,,2431.4,476.55
Client 1356,,,,,8318.51
Client 1360,,,766.24,10079.17,80.41
Client 1361,,,,,1380.4
Client 1363,,,,,21026.2
Client 1364,,,1321.7,,
Client 1367,,,,169171.48,76008.7
Client 1368,,,,,2227.15
Client 1369,,,,1837.84,1722.25
Client 137,,2487.77,,,
Client 1370,,,,94.83,
Client 1372,,,,11973.18,
Client 1373,,,,,198.53
Client 1374,,,,,6590.37
Client 1375,,,,83.61,
Client 1382,,,,1304.72,
Client 1383,,,,,10191.66
Client 1384,,,,176.91,
Client 1385,,,,,2947.65
Client 1388,,,,697.24,
Client 1389,,,180.32,,
Client 139,,,,,212.45
Client 1391,,,,,584.12
Client 1394,,,,,18135.24
Client 1395,,,,,10570
Client 1396,,,,4550.58,1676.16
Client 1397,,,,,3547.38
Client 1398,,,,,743.85
Client 1399,,211.53,172.25,526.07,
Client 14,,,3927.47,,
Client 140,,,,412.97,200.9
Client 1400,,,,,1498.14
Client 1401,,,,,3535.23
Client 1402,,,2362.58,898.12,
Client 1404,,,,,1870.61
Client 1406,,,,,528.77
Client 1407,,,,,2724.97
Client 1408,,,2176.79,72.11,
Client 1409,,,,,3509.86
Client 141,,,,27432.02,4464.84
Client 1413,,,6126.9,7044.27,10771.06
Client 1414,,,,1766.08,
Client 1415,,,,214.77,64.68
Client 1416,,,842.65,3197.1,3735.23
Client 1417,,,,,39237.54
Client 1420,,,1434.08,,576.16
Client 1421,,,,10406.14,
Client 1422,,,,,4294.4
Client 1423,,,,16524.54,
Client 1424,,,,,1640.57
Client 1425,,1093.25,18392.07,1479.76,
Client 1427,,,,,4364.53
Client 1428,,,,4119.68,
Client 1430,,,445.18,,
Client 1431,,,,,2155.82
Client 1436,,2711.6,,50.4,1391.27
Client 1437,,,,4719.48,3306.02
Client 1438,,632.63,,,
Client 1443,,,1700.85,,
Client 1444,,,,4358.74,
Client 1445,,,,,138.56
Client 1446,,,,,3532.75
Client 1447,,,,1005.44,
Client 1448,,,,,237.04
Client 1450,,,,,246.98
Client 1451,,,,24542.07,311.24
Client 1454,,,,,17935.78
Client 1456,,,,,4838.9
Client 1457,,,,40.97,1859.59
Client 1458,,,,,10065.09
Client 1459,,,,,1334.09
Client 146,,,1084.37,,
Client 1460,,,662.54,,5784.95
Client 1461,,,,,780.94
Client 1462,,,2010.37,566.01,
Client 1463,,,230.15,,431.7
Client 1464,,,,3252.61,
Client 1465,,,,,278253.84
Client 1466,,,,,1210.67
Client 1468,,,,,44159.68
Client 1470,,,191.81,,
Client 1475,,,,2687.7,1426.65
Client 1476,,,283.54,,
Client 1478,,,,,2622.78
Client 1479,,2369.6,,,
Client 1480,,,,89869.74,
Client 1481,,,,,4701.85
Client 1482,,,,,47673.49
Client 1485,,222.66,,,
Client 1486,,,7579.25,10818.25,
Client 1488,,,169.03,,
Client 1489,,,28889.42,879.38,
Client 149,,,12498.29,11397.27,
Client 1490,,,,,715.99
Client 1491,,588.91,6341.56,2494.77,
Client 1492,,,,167.66,
Client 1493,,454.13,22719.19,17942.01,27077.91
Client 1494,,,,,4896.77
Client 1495,,,,873.15,
Client 1496,,,,,2036.39
Client 1497,,,,,13671.4
Client 15,,,,725.52,
Client 150,,,6044.21,,779.18
Client 1502,,2291.24,3834.93,,
Client 1503,,286.99,,,
Client 1505,,,10709.33,30716.66,6429.14
Client 1507,813.25,,,6640.27,3607.85
Client 1508,,,,,679.08
Client 1509,278.38,,,,
Client 151,,,6252.44,1114.82,19978.41
Client 1511,,,,,2619.25
Client 1513,,,,,125.8
Client 1514,,,,3686.3,
Client 1515,,,2780.08,14346.86,898.51
Client 1517,,,18213.72,75656.71,
Client 1518,1455.31,3537.44,335.89,,1841.45
Client 1519,,,,,312.62
Client 152,,,,4835.71,11226.37
Client 1521,,,,,1705.22
Client 1523,,,,49008.98,125430.4
Client 1524,,,152.04,,
Client 1526,,,,,1578.32
Client 1527,,1386.99,449.72,,
Client 1528,,,,3979.93,9451.91
Client 1529,,,,17403.07,389.5
Client 153,,,,,167.35
Client 1530,,,,7029.12,19100.94
Client 1531,,,,692.34,
Client 1534,,,,,351.29
Client 1537,,,,2113.4,
Client 1538,,,4560.04,,1699
Client 1539,,,191.31,,
Client 154,,,,,1588.59
Client 1540,,,6468.75,,
Client 1542,,,,,4217.32
Client 1543,,,71.51,,
Client 1544,,10280.44,,7071.88,
Client 1545,,,,,15350.02
Client 1546,,,,520.86,
Client 1547,,,,116.79,
Client 1548,,1128.71,898.9,2366.68,
Client 1549,,,84.07,,
Client 1550,,5769.98,8798.32,4995.48,8123.15
Client 1551,,,,,8756.04
Client 1552,,,,3742.58,
Client 1553,,20609.08,,,
Client 1554,,,,,6956.97
Client 1555,,967.95,605.51,,
Client 1556,,,3274.7,21098.71,
Client 1557,49731.513,53876.738,46097.41,1325.62,831.84
Client 1558,,,,,1819.79
Client 1559,,,,,203.56
Client 156,,,,240.8,
Client 1560,,,14103.05,7890.07,13812.16
Client 1563,,,,,190.3
Client 1564,,,,2673.61,
Client 1565,,,,654.02,
Client 1567,,,,1883.99,
Client 1568,,,1597.34,6694.58,
Client 1569,,,,14898.76,12905.22
Client 157,,,,,35.84
Client 1570,,,,,1336.73
Client 1571,,143.16,599.26,8825.2,11481.61
Client 1572,,,,,15192.72
Client 1574,4595.35,,,,
Client 1575,,,,,42.11
Client 1576,,,,,276.17
Client 1577,,,,,296.15
Client 1578,,,11661.17,,5021.32
Client 158,,,,170.6,
Client 1580,,12848.61,,,
Client 1581,,,,155.12,2134.58
Client 1583,,,,,1914.07
Client 1584,,,,,3123.09
Client 1588,,,,2658.14,1014.4
Client 1589,,,,3544.27,14983.38
Client 1592,,,,,232466.41
Client 1596,,,,,5987.56
Client 1597,,,,1669.9,
Client 1598,,,,2499.21,
Client 160,,,240.58,,
Client 1600,,,,3118.73,14839.08
Client 1601,,,,,2479.01
Client 1602,,,,,1020.84
Client 1604,,2057,,,
Client 1605,,,,,228209.78
Client 1607,,,,,2268.71
Client 1608,,,1257.48,,
Client 1609,,,,,1233.96
Client 161,,,,,626.34
Client 1610,,,,,2227.51
Client 1611,,,,,4815.97
Client 1619,,,,,3438.41
Client 162,,,,,1769.06
Client 1620,,,922.01,3856.68,1510.9
Client 1621,,,,,13415.35
Client 1624,,,,,4211.04
Client 1625,,6184.42,,,
Client 1626,,,,2497.76,
Client 1627,,,,393.73,378.95
Client 163,,,58.78,,
Client 1630,,,,95.48,
Client 1631,,,,,1586.69
Client 1632,,,,,3216
Client 1634,,,,,1034.81
Client 1635,,,,,4601.86
Client 1636,,,,,638.04
Client 1638,,,,2233.52,
Client 1639,,,,,43121.09
Client 1640,,,,236.7,
Client 1641,,1216.01,7153.34,,
Client 1643,,,,2877.29,
Client 1644,,,,,5521.77
Client 1645,,146.07,59.46,,
Client 1646,,5471.55,21884.98,13767.7,32728.03
Client 1648,,,,,264.45
Client 1649,,,,,1066.81
Client 1651,,,,,2876.4
Client 1652,,,,,3135.62
Client 1653,2199.51,239.54,1437.91,,252.21
Client 1655,,,,,1773.8
Client 166,,,,,3208.48
Client 1664,,,1028.3,,409.94
Client 1665,,,,16066.05,11501.04
Client 1666,,,,5562.84,3242.92
Client 1668,,261.29,,,
Client 1671,,,,,4522.82
Client 1672,,,,,67198.33
Client 1673,,,,,2535.55
Client 1674,,,,,169.12
Client 1676,,,,,13312.53
Client 1678,,1411.71,,,
Client 1679,,2509.05,22985.87,1740.01,5226.16
Client 168,,,,6259.36,1765.93
Client 1683,,,,1690.72,
Client 1684,,,,,87.09
Client 1686,,,1054.49,1952.82,
Client 1687,,,4668.13,9301.68,1153
Client 1688,,,,3430.15,2957.34
Client 1690,,3521.18,1146.55,,
Client 1692,,,,,1814.06
Client 1693,,,,12623.3,
Client 1696,,,1752.92,68.83,
Client 1699,,,,,664.48
Client 1701,,,,13588.36,7746.66
Client 1702,,,,,4945.17
Client 1703,245.95,98.59,,,
Client 1704,,363.38,4484.86,,
Client 1705,1712.08,,,,
Client 1707,,,,,17285.21
Client 1708,,3052.02,,,
Client 1709,,,716.36,,
Client 171,10407.058,141094.42,98346.18,36356.86,111166.07
Client 1710,,,,,292.95
Client 1712,,,,,91
Client 1713,,,10044.48,,
Client 1716,,,,,894.02
Client 1717,,,2202.41,,
Client 1720,,,,,77522.86
Client 1721,,,,,6846.85
Client 1723,,,,4117.53,1138.68
Client 1724,,,176.02,,
Client 1727,,,,,2267.96
Client 1728,,,2435.31,,
Client 173,,,,864.93,
Client 1734,,,,64.36,2862.12
Client 1735,,,,2902.13,
Client 1736,,,,4117.63,
Client 1737,,,,,190.58
Client 1739,,,,54641.07,40279.05
Client 174,,,,77.75,
Client 1740,,,22990.74,22190.12,2587.71
Client 1741,,1821.27,1287.31,,1066.25
Client 1742,,,,,17878.66
Client 1743,,,,20156.13,758.5
Client 1747,,,,,2288.65
Client 1750,,,,8366.42,
Client 1751,,,,34933.14,
Client 1752,,,,,20897.9
Client 1754,,,,7894.13,
Client 1755,,,,,49301.12
Client 1756,,,,4562.86,
Client 1757,,,,,36.71
Client 1758,,360.31,,,
Client 1760,,,,9337.93,
Client 1761,,,,1724.69,952.93
Client 1762,,,,,36.02
Client 1763,,,,,184.64
Client 1765,,,,,299.27
Client 1766,,,,,1787.03
Client 177,,,,21038.67,298924.58
Client 1773,,,,,6496.65
Client 1774,,,,300.12,
Client 1778,,,,,12913.53
Client 178,,,,,5734.91
Client 1780,,,,,2920.85
Client 1781,,,,,20000
Client 1782,,,,,34384.18
Client 1783,,,,,49.7
Client 1785,,129.33,,,
Client 1786,,,43201.57,29772.43,201014.75
Client 1788,,,,,1027.32
Client 1789,,1607.82,,,
Client 179,,,14241.97,20139.29,11601.78
Client 1791,,3790.16,27844.93,,1741.67
Client 1792,,,,,8721.33
Client 1793,,,,,704.16
Client 1794,,,,10379.81,129208.28
Client 1795,,,7047.78,18884.27,3952.89
Client 1796,,,1240.79,7539.81,
Client 1797,,,1777.28,409.18,691.4
Client 1798,,,,513.37,
Client 180,,,,2286.09,841.17
Client 1801,,,,,610.87
Client 1802,,,,46837.48,3693.86
Client 1803,,,,,2702.81
Client 1804,,,3441.16,,
Client 1805,,,,3210.39,
Client 1806,,,6996.82,,
Client 1808,,,,,110235.03
Client 1809,,,,,102639.97
Client 181,,,2413.99,,
Client 1811,,,,,2690.54
Client 1812,,,,,2072.1
Client 1813,,,,1062.77,
Client 1814,,,,,1307.44
Client 1815,,,,43121.67,
Client 1817,,,,,14870.55
Client 182,,,,,2914.64
Client 1820,,,,256.6,
Client 1821,,,1532.13,,
Client 1824,,,,,190.28
Client 1825,,,,11308.01,10599.2
Client 1827,,5885.35,3279.15,4150.64,9399.7
Client 1828,,,,526.71,
Client 1829,,,,,1053.03
Client 183,,,387.67,889.51,
Client 1830,,,,,1910.05
Client 1833,,,,,21958.14
Client 1834,,,,,67841.77
Client 1836,,,,3564.25,
Client 1838,,,,,2553.86
Client 1839,,,1784.29,,
Client 184,,,1432.49,2898.46,
Client 1845,,,,,1993.25
Client 1847,,,1993.96,,
Client 1848,,,273.72,,
Client 185,,,,,3556.5
Client 1850,,,,2940.88,
Client 1852,,,,,7591.89
Client 1855,,,,353.71,
Client 1858,,,,,9885.96
Client 1859,,,,6210.9,
Client 1861,,,,,2242.27
Client 1862,,,14484.07,,
Client 1863,,,,,232.38
Client 1864,,,,597.26,982.4
Client 1865,,,,1009.5,
Client 187,,686.94,,,
Client 1874,,199.12,255.68,,
Client 1876,,,4068.91,,
Client 1877,417.83,228.58,,,
Client 1878,,,,134.62,
Client 1879,,126.43,,,
Client 188,,,,,55.79
Client 1884,,,,260.83,
Client 1885,,3215.24,,,
Client 1886,,,,1723.73,7096.04
Client 1887,,,,,132.77
Client 1888,,,,2150.54,
Client 1891,,,,,126199.82
Client 1892,,,,,9121.8
Client 1894,,,,,4056.66
Client 1895,,601.58,,,
Client 1896,,,,,21419.36
Client 1897,,,,,85.51
Client 1898,,,1864.68,2515.62,657.65
Client 1899,,,,,454.92
Client 190,,,,1590.63,1456.75
Client 1900,,,,,1413.55
Client 1901,,,,727.32,
Client 1908,,,,16587.03,102498.22
Client 1909,,,,619.32,
Client 1910,,,3030.2,,
Client 1911,,,,,146.97
Client 1912,,1496.23,5795.99,,
Client 1914,4071.47,,,,
Client 1915,,,,,12455.52
Client 1916,,,,,8690.33
Client 192,,12159.28,27988.41,12761.6,4718.42
Client 1921,,,,,7458.22
Client 1922,,,,4994.56,3404.79
Client 1924,,,3352.58,,4644.45
Client 1927,,,183.53,,238.57
Client 1930,,,,16240.2,20236.97
Client 1931,,,,,173.42
Client 1934,,,,,16151.4
Client 194,,8781.9,5528,1914.47,
Client 195,,,,2435.02,1748.76
Client 197,,,,,1766.22
Client 1991,,,,,215.36
Client 1993,,,,,23101.5
Client 1994,,,,,3070.74
Client 1995,,,602.56,,
Client 1999,1801.93,1862.67,,,
Client 2,,,,,416.23
Client 2002,,,,167.57,
Client 2006,,,,8736.42,
Client 2008,,,,665.98,
Client 2009,,,1487.78,815.11,17366.44
Client 2010,,,,173.75,
Client 2011,,,,,891.4
Client 2012,,,,,1708.52
Client 2013,,,,6302.07,10854.67
Client 2014,,10772.25,,,
Client 2015,,,,,27760
Client 2016,,,13692.39,3170.12,13006.12
Client 2017,,6803.02,2666.66,,
Client 2018,,,,184.27,
Client 2019,,,,,2917.82
Client 2021,,,,,30254.64
Client 2022,,,,,3235.4
Client 2023,,,,,3298.53
Client 2025,,,57.75,,
Client 2028,,,,,3739.07
Client 2030,,,,644.72,
Client 2033,,,,12590.09,
Client 2034,,,,2178.33,
Client 2036,,,3803.7,288.86,
Client 2037,,,1937.77,677.32,2638.68
Client 2039,,,,,3948.34
Client 2041,,,1594.73,8346.58,30865.27
Client 2045,,,129073.82,48467.64,
Client 205,,,,,931.21
Client 2050,,,,2757.54,
Client 2051,,,,468.22,
Client 2055,,22500,7949.27,1724.68,7461.58
Client 2056,,,,,4309.37
Client 2057,,,9195.94,159.87,887.1
Client 2058,,,,,1332.77
Client 2059,,,277.64,,
Client 2060,,,,,49270
Client 2061,,,,,69.66
Client 2062,,4116.04,,,
Client 2063,,,4326.51,,
Client 2064,,,,2263.1,4381.48
Client 2065,,,3568.56,3068.75,
Client 2067,,1614.18,,,
Client 2070,,,,,695.96
Client 2071,,227.02,,,
Client 2072,,,798.17,,
Client 2075,,,,,7022.01
Client 2076,,,,3311.79,
Client 2077,127.19,,,,
Client 2078,,,,,687.42
Client 2079,,,701.09,,
Client 2080,,,,,1609.07
Client 2085,,,,1209.23,
Client 2086,,,,,9365.57
Client 2087,,,1171.74,,
Client 2088,,,,,313.04
Client 209,,,,,5728.29
Client 2090,,,,13406.17,28505.51
Client 2092,,209.69,,,
Client 2093,,4455.71,4183.52,28196.4,803.45
Client 2094,,,,,10670.85
Client 2095,,,,700.67,
Client 2096,,,,1534.87,
Client 2097,,,,,418.46
Client 2098,,,,383.13,
Client 2099,,,,,174.22
Client 2100,,,,,1652.88
Client 2101,,,,,40681.05
Client 2104,,,,,3308.42
Client 2105,,,,,9543.28
Client 2106,,,12587.84,,
Client 2107,,,,,7101.66
Client 2108,,,2995.53,,
Client 211,,,,223.39,
Client 2110,,,,,4683.15
Client 2111,,,,548.39,
Client 2112,,,,,103340.53
Client 2114,,,,,60779.98
Client 2115,,,1947.2,8466.71,
Client 2116,,,,,1802.72
Client 2121,,55.43,,,
Client 2122,,4909.12,738.37,,20060.26
Client 2123,,6908.89,,,
Client 2125,,,,4852.92,
Client 2126,,,,2051.53,
Client 2127,,,,464.44,
Client 2129,,2102.22,,,
Client 2130,,6469.25,,,
Client 2131,,,1035.88,,
Client 2132,,,,,697.01
Client 2133,,,5007.95,6630.86,12745.34
Client 2136,,,,,26405.6
Client 2138,,,,,1324.56
Client 2139,,,8067.33,,
Client 214,,,,,534.87
Client 2141,,,2063,,61.35
Client 2143,,,,,6890.39
Client 216,,1896.5,3324.47,8073.5,94754.55
Client 221,,,216.47,,
Client 222,,,,427.98,
Client 226,,,,2860.93,8126.31
Client 227,,,,,957.57
Client 228,,,,,3605.88
Client 230,,,,,1691.5
Client 231,,,,,13737.94
Client 232,,,,,945.41
Client 234,,,,,4688.99
Client 235,,,,,3501.95
Client 238,,,3645.78,,
Client 24,,,,,5103.58
Client 241,,,2700,,
Client 244,,,,,1008.53
Client 245,,,,188.97,
Client 247,,,273.23,,
Client 248,1499.92,1046.96,1514.84,934.65,6182.31
Client 249,,,,,1021.24
Client 250,,,,,55.08
Client 252,,,,,152.71
Client 253,,163.19,,,
Client 254,,,,2620.65,
Client 255,,,,2355.5,3039.78
Client 26,,,,15025.95,
Client 265,,,7773.97,,
Client 266,,15932.76,3763.97,5959.05,3594.04
Client 267,,,,181.11,
Client 268,,,,7579,
Client 270,,,,5404.77,774.85
Client 273,,,,,10579.52
Client 274,,,210.17,,
Client 276,,,2678.6,,
Client 277,1851.97,1231.84,,,
Client 278,,,,822.27,1900.41
Client 279,,,,483.07,
Client 28,,9201.64,,,
Client 280,,,,,1216.15
Client 282,,,,,1200.04
Client 283,,,,,328.47
Client 284,,6048.07,,,
Client 288,,,,,1890.99
Client 29,,,,,5493.8
Client 291,,,,27.51,
Client 292,,1831.24,2692.78,4551.4,
Client 293,,1830.12,,,3349.71
Client 294,,68.65,,,
Client 295,,,253.85,,
Client 296,,,,183.46,195.11
Client 297,,,,3301.85,
Client 298,,1382.2,11996.65,12646.58,6790.09
Client 3,,,1214.69,,42039.83
Client 30,,,,,16042.16
Client 300,,,7200.16,,
Client 301,,,7691.02,,1881.37
Client 303,,,,25217.3,
Client 304,,,,,1183.83
Client 307,,,,,394.18
Client 308,,,,,9484.69
Client 309,,,,27323.7,1320.72
Client 31,,,,,12793.86
Client 311,,,,84.22,543.68
Client 312,,,,,221.18
Client 313,,,,,809.84
Client 315,,,,659.8,
Client 316,,,4499.22,16255.61,3021.69
Client 317,,,,1491.47,
Client 318,,,,583.91,2943.82
Client 319,,2475.27,,,
Client 32,,,,,252.51
Client 324,,,,,47417.9
Client 325,,3515.68,,,
Client 326,,,,16526.49,882.76
Client 328,,,,3859.24,
Client 332,,,,5302.09,
Client 334,,,2897.78,,
Client 335,,,,,3891.07
Client 337,,,5694.31,15365.27,9050.66
Client 338,,,,,233.62
Client 34,,,,369.43,313.45
Client 340,,,,,2088.2
Client 346,,,284.49,,
Client 347,,,,,3774.11
Client 349,,,,,86.14
Client 350,,,,,222681.3
Client 351,,,,10277.62,2147.32
Client 357,,,,,1976.04
Client 36,,,,264.12,
Client 360,,,3784.24,9939.7,4412.52
Client 361,,,1895.75,15101.96,14159.67
Client 362,,,12504.49,,6623.42
Client 364,,,,,98726
Client 366,,,,14388.4,21084.58
Client 367,,,,,2776.9
Client 368,,,,7882.8,18935.93
Client 369,,,,,5573.93
Client 370,1980.92,1866.57,,,
Client 372,,,,24077.81,
Client 373,,1410.43,,,
Client 378,,625.75,,,
Client 38,,,,833.09,573.33
Client 380,,,,7925.46,160.14
Client 381,,5681.06,,,
Client 383,,,,,2427.06
Client 384,,,,1679.89,4788.37
Client 385,,,,,207.91
Client 386,,,11730,408.98,2702.98
Client 387,,309.21,,,
Client 389,,,,,1701.03
Client 39,,3009.22,25868.22,2087.62,40962.7
Client 390,,,,,8501.84
Client 391,,,,,660.58
Client 393,,4901.16,8517.29,,
Client 394,,3035.89,3047.84,,3337.68
Client 395,,,,,70989.81
Client 397,,,4419.49,5437.85,
Client 398,,,,5299,9818.43
Client 40,,,,,2014.41
Client 400,,183.53,,,
Client 402,,,5240.48,468.92,
Client 407,,,,3929.44,
Client 41,,,,1211.4,
Client 411,,,150.47,,
Client 412,,,,19082.7,96519.76
Client 413,,,,,13634.26
Client 414,,,,,35.83
Client 416,,,,,1986.78
Client 417,,,,,42663.87
Client 418,,1927.57,,,
Client 42,,,,,105.07
Client 428,,,,,4532.77
Client 429,,201.57,,,
Client 43,,,,15348.55,895.45
Client 430,,,,,1395.58
Client 432,,,4044.7,,
Client 435,,,,10134.36,420.06
Client 436,,1173.08,,,
Client 438,,,,16562.82,32961.34
Client 439,,,,,642.88
Client 44,,,,3984.82,
Client 441,,,265.08,,
Client 442,,,241.63,,
Client 444,,,1668.28,,
Client 447,,,,,2761.31
Client 448,,29328.98,60244.67,,
Client 449,,,6653.44,439.39,
Client 45,,,176.33,,
Client 450,,,,,2051.98
Client 451,,,,748.75,
Client 457,,,,3583.07,9658.22
Client 46,,,,,296.21
Client 460,,,722.85,,
Client 463,,,,,155.43
Client 464,,,2444.25,3136.66,3100.17
Client 467,,,,,4377.53
Client 47,,,,,235.34
Client 470,,,,,4959.26
Client 471,,1343.07,3660.06,8710.95,233.75
Client 472,,,,,113.27
Client 473,,,,,142.62
Client 474,,,1175.54,49.35,
Client 475,,,,,550.04
Client 476,,,,7717.5,
Client 478,,,,3431.1,
Client 479,,,,164.32,
Client 48,,163.21,,,
Client 480,,,,,5122.16
Client 481,,,4048.92,,265.95
Client 482,,,,6584.62,12434.57
Client 484,,,,,6449.85
Client 488,,,,,2101.59
Client 489,,,680.25,,
Client 490,,,,,310.65
Client 491,,,,,122.69
Client 492,,,,,4702.87
Client 493,,,,,509.01
Client 494,,,,8768.33,
Client 496,,,,,39.79
Client 5,,,,,14538.8
Client 50,,8093.8,3466.44,12895.83,
Client 500,,,,,4679.57
Client 501,,,233.06,689.81,
Client 502,,99.97,,,
Client 505,,,,,18865.02
Client 507,,,,,2126.88
Client 511,,,,482.79,
Client 512,,,,,4819.91
Client 514,,,21958.37,,
Client 516,,,,,652.26
Client 52,,,,,4055.79
Client 520,2545.74,450.38,,,
Client 521,,,1168.72,,
Client 523,,,,,9505.2
Client 524,,,,,19229.98
Client 525,,,,,2305.21
Client 527,,,1013.44,,
Client 53,,,9080.72,,
Client 535,,,,,162.64
Client 536,,,393.11,,
Client 538,,,,,994.98
Client 54,,,,66054.09,55504.16
Client 540,,22490.82,5748.04,,
Client 541,,,1563.64,1641.27,
Client 542,,,,,5360.11
Client 545,,,,,3930.22
Client 548,,,21168.77,7863.84,200.34
Client 549,,,2992.52,,
Client 55,,,,4313.07,
Client 554,,1805.16,2695.69,16740.86,3798.46
Client 555,,,203.07,,
Client 558,,,,,1946.19
Client 559,,,956.79,,
Client 562,,,,,179.99
Client 563,,,,1572.9,
Client 567,,,,1188.36,480.33
Client 57,,,,,2935.79
Client 570,,,,,1201.81
Client 571,,,,2397.19,
Client 572,,,4609.43,5097.62,
Client 573,,,,,4024.54
Client 577,,,,39542.27,
Client 578,,5176,2761.42,135.33,
Client 579,,64.2,,,
Client 581,,,20950.54,,15909.2
Client 582,,,,51.93,
Client 585,,,,,1776.27
Client 586,,,13907.32,,
Client 587,,1456.34,,,
Client 59,,30768.96,5351.95,,
Client 590,,,8697.03,2036.5,7119.18
Client 591,,,166.61,,
Client 592,,,,,11675.63
Client 593,,,,,429.99
Client 594,,,,,3331.54
Client 595,,117.37,,,
Client 597,,,331.49,,
Client 599,,,1377.1,,
Client 6,,,913.64,,
Client 60,,,,,77.75
Client 603,,1608.62,,,
Client 605,,,,5787.14,
Client 606,,,436.83,1264.07,
Client 608,,,,6904.57,
Client 609,,,,734.52,
Client 61,,,,238.2,
Client 610,,,,11824.45,4147.49
Client 612,,,713.69,2411.75,1986.19
Client 614,,,203.1,,
Client 615,,,4872.3,,
Client 618,,,,,1760.82
Client 619,,,,,5489.52
Client 62,,,,952.05,
Client 620,,,,,2012.78
Client 622,,12611.34,420.24,300.33,
Client 623,,1933.09,,,
Client 624,,,,,105.33
Client 625,,,,,2554.76
Client 626,,5169.45,,,
Client 628,,,,727.94,
Client 629,,,,,9928.41
Client 63,,4922.16,1920.38,,22956.56
Client 633,,,,467.84,
Client 635,,,10243.03,,
Client 637,,,,3136.52,
Client 638,,1347.14,,,
Client 639,,218.9,,,
Client 640,,,,11615.46,
Client 641,,,,,512.26
Client 643,,,,472.1,1327.14
Client 644,,,,,9672.6
Client 645,,,,,838.06
Client 647,,,,5726.17,44593.95
Client 648,,,,,2636.58
Client 649,,,,,3765.51
Client 65,,,,9139.88,5540.3
Client 650,,,,2298.75,
Client 651,,,,2296.89,
Client 653,,,,,515.72
Client 655,,,,,883.54
Client 656,,,,1358.39,1002.55
Client 657,,,,,1767.55
Client 66,,,422.11,,
Client 660,,,,,19817.08
Client 661,,,,,35655.68
Client 664,2992.9,,,845.42,
Client 665,,,,,1425.67
Client 668,,,,,65.47
Client 669,,,,,1006.53
Client 670,,,2324.1,,
Client 671,,,,351.54,
Client 672,,,,,6174.4
Client 673,,,,,11747.91
Client 674,,163.49,,,
Client 675,,,3036.5,,
Client 676,,,,,1292.13
Client 677,,,,462.83,
Client 678,,,,2431.81,
Client 679,,627.35,,,
Client 681,,,,,1774.17
Client 683,,,,,10107.46
Client 684,,,,1443.65,
Client 685,,,9145.98,,
Client 686,122.76,,7387.6,12884.97,10508.43
Client 687,,,,2761.32,
Client 688,,,,7505.39,
Client 69,,,,,2104.42
Client 690,,,,,968.96
Client 692,,,,,8186
Client 693,,2393.9,21070.52,9140.29,10511.04
Client 694,,,,,324.22
Client 695,,19776.47,,536.44,
Client 698,,,,11612.06,74502.09
Client 699,,12889.9,57773.6,72360.31,20817.85
Client 7,,,394.68,2386.67,
Client 70,,,,,5560.82
Client 700,,,2356.56,,
Client 701,,,,,213.09
Client 704,,,,,6117.82
Client 705,,,,,3921.22
Client 707,,,,,18542.18
Client 708,,,,7216.56,1466.1
Client 709,,,,,7787.34
Client 71,,,,,3386.73
Client 710,,,,5199.27,55761.66
Client 712,,,,,7008.73
Client 714,,,,,742.44
Client 715,,,600.79,,
Client 716,,,,3522.04,
Client 717,,,,166.66,224.38
Client 719,,1724.45,,,
Client 72,,,,138.37,1035.07
Client 720,,,3774.46,,
Client 721,,,920.1,,
Client 727,,,,,6642.52
Client 730,,,,,224.6
Client 731,,,,,1663.32
Client 737,,,,198.66,
Client 738,,,3910.86,22972.92,45440.01
Client 739,,,,,222.38
Client 74,,9465.92,,,
Client 741,,,,,8205.78
Client 743,,249.78,,,
Client 745,,,,,2614.07
Client 748,,,,,1821.97
Client 749,,,,,1672.29
Client 75,,,,108.79,
Client 751,,,,114.8,
Client 752,,5284.75,,,
Client 753,,,,,9625.32
Client 757,,,,,7597.86
Client 758,,,,2343.83,
Client 759,,,,4336.15,
Client 76,,,,,14492.87
Client 761,,,,32707.74,73315.61
Client 763,,,,,25168.56
Client 767,,,,,27550.98
Client 768,,,14839.51,2681.74,
Client 769,,,4725.24,65.83,
Client 77,,,,2624.09,
Client 771,,,,,15977.92
Client 772,,,,,624.89
Client 773,,,716.34,12275.14,4039.5
Client 775,,,,,1327.53
Client 776,,,98632.88,22382.73,4979.19
Client 777,,,,,23289.28
Client 778,1863.48,,1127.6,,
Client 779,,,,,3060.11
Client 78,,,,1847.53,
Client 782,,,,,4174.18
Client 784,,,2977.23,,
Client 786,,,,,14817.85
Client 789,,,,1855.31,
Client 79,,,,,4719.79
Client 790,,,,,3548.5
Client 791,,,,167.99,
Client 792,,,,895.23,
Client 793,,,,336.55,
Client 795,,,,,4705.34
Client 797,,,1732.86,,
Client 798,,,3031.94,62.97,340.28
Client 8,,,,2131.19,
Client 800,,,,,1279.04
Client 804,,,16875.78,,
Client 805,,,,,2855.93
Client 806,,,,3919.09,2241.7
Client 808,,999.97,20730.95,,
Client 81,,,,165.72,
Client 811,,,1231.25,,
Client 812,,,,1886.96,715.01
Client 813,,,,1308.45,
Client 817,,,,20783.86,2729.18
Client 818,,,,3335.17,
Client 819,,,5494.23,694.76,
Client 821,,10102.99,,,
Client 822,,,,,2027.75
Client 824,,,,158.9,
Client 827,,,2298.63,,
Client 83,,,,,510.41
Client 830,,,,226.31,
Client 832,,,,27997.98,
Client 833,,2385.16,17425.82,,
Client 834,,,2109.79,,29365
Client 835,,,51830.6,15458.81,129540.49
Client 837,,,,33345.83,5111.81
Client 838,,,,69576.95,6854.39
Client 839,,,897.29,,265.02
Client 84,,,,,180.01
Client 842,,,,,2339.91
Client 846,,,,,87.21
Client 847,,4800.57,,,
Client 848,,,1104.88,,
Client 85,,14653.77,,,
Client 851,,,,,50458.2
Client 852,,,439.86,848.78,
Client 854,,,5506.68,11539.63,184.64
Client 855,,,,1838.9,
Client 857,,,,,56107.31
Client 858,,,1902.1,,
Client 859,,,3314.8,,
Client 86,,,,,81.08
Client 861,,,,,1743.88
Client 862,,,7067.7,,11357.98
Client 864,,,,981.43,
Client 865,,,3261.86,,
Client 866,,,,,414.24
Client 867,,,2782.5,4588.06,
Client 869,,,,,67958.75
Client 87,,,,,2639.57
Client 870,,,3465.97,,13654.52
Client 871,,,1064.21,,
Client 872,,,,3197.57,
Client 873,,,,2990.15,
Client 874,,,,,834.61
Client 875,,,486.82,,
Client 878,,,,19591.76,
Client 879,,,,,5296.71
Client 88,104.19,926.89,,,
Client 880,,,,,9756.32
Client 882,,,,,77274.18
Client 883,,,,5940.01,
Client 884,,,370.57,419.5,
Client 885,,,,3362.72,
Client 886,,,,,149610.86
Client 889,801.83,5813.52,3348.15,32198.91,22456.85
Client 890,,,,,4013.06
Client 896,,,,71776.84,37786.6
Client 897,,,,,62635.57
Client 899,,,4065.67,,
Client 9,,,1065.69,,
Client 90,,,21067.4,,
Client 900,578.88,,,,
Client 902,,704.3,,,
Client 903,,,,,1404.57
Client 904,,,684.52,137.04,
Client 905,,,,,3258.23
Client 906,,237.05,467.22,,
Client 907,,,2250,879.4,495.48
Client 908,,,,6160.8,4326.41
Client 91,,,,,223.19
Client 910,,,,,3026.84
Client 911,,,,5676.42,
Client 912,,,2829.95,,3777.92
Client 913,,,,56099.24,127.52
Client 916,,313.01,,,
Client 917,,,2059.67,,
Client 918,,,,,942.05
Client 919,,,,24410.61,
Client 92,,,62.6,37477.82,
Client 920,,,,20152.46,10264.78
Client 921,,,,,642.65
Client 923,,,,,176.82
Client 924,,,,,4113.85
Client 926,,,,,4515.44
Client 927,,,,886.45,
Client 929,,,,,2810.35
Client 93,,,,5878.88,42698.61
Client 930,,,,43.58,
Client 932,,,,1675.61,788.94
Client 933,,,,,4588.02
Client 935,,,,,238.77
Client 936,,,,236.55,
Client 937,,,,,4.63
Client 938,,,,,438.93
Client 94,,,,,519.51
Client 940,,,,3743.23,
Client 941,,,,,924.4
Client 942,,,,,529.44
Client 943,,,,,1006.32
Client 944,,,67.74,,
Client 947,,,,,185.78
Client 949,,,,1195.27,191.01
Client 953,,,62.25,,
Client 954,,,,,9267.01
Client 955,,,,,117.1
Client 956,,,,,5381.73
Client 957,,,,,2944.74
Client 958,,,,12375.29,1995.2
Client 96,,,,,4528.35
Client 960,,,,10713.8,
Client 961,,208.09,238.63,,67.12
Client 963,,,304.82,,
Client 964,,292.23,,470.25,
Client 965,,,,,2986.58
Client 967,,,,14537.65,
Client 968,,,4397.02,945.91,2400.73
Client 97,,,,,49293.1
Client 970,,,,1988.91,21518.92
Client 972,,,,151.88,814.48
Client 974,,,,4619.29,
Client 976,,,,11717.63,9446.15
Client 977,,,,1106.3,
Client 978,,,,,3871.22
Client 98,,,,,4767.81
Client 980,849.22,,,,
Client 981,,,,,828.93
Client 984,,,,229.91,663.55
Client 985,,,,,127.24
Client 987,,,,,4612.06
Client 988,,,,,9017.93
Client 989,,3471.992,1198.05,150.19,25523.4
Client 990,,181.04,,,
Client 994,,,,,5410.81
Client 995,,,,2614,1698.87
Client 996,,,,1340.1,
Client 997,,,,,2122.42
Client 999,,,,,24044.02
